state,district,total_enrolments,total_demographic_updates,total_biometric_updates,updates_per_1000,mobility_indicator,digital_instability_index,saturation_ratio,enrolment_volatility_index,update_burden_index
Andaman & Nicobar Islands,Nicobars,1.0,0.0,0.0,0.0,0.0,0.0,0.95,0.0,0.0
Andhra Pradesh,Ananthapuramu,369.0,3859.0,14589.0,18283.13829787234,0.11314905709874429,0.09343277318297967,1.49938202247191,0.3274418678973951,173734042554.8398
Andhra Pradesh,Chittoor,987.0,24111.0,38644.0,47804.44225166687,0.2470651583121285,0.19060441210764192,1.4995004541326067,0.42349484517279223,448691910504.15314
Andhra Pradesh,East Godavari,993.0,14398.0,34561.0,25204.249695768347,0.21551384486573535,0.16998331766761646,1.4995137595696255,0.34494872855269404,230082889287.48663
Andhra Pradesh,Guntur,1371.0,17916.0,37139.0,37628.69108722474,0.24617136361177666,0.19317644056193886,1.4993616366712814,0.39056406601347465,348068910261.1073
Andhra Pradesh,Krishna,886.0,10664.0,27234.0,25565.630789644983,0.20968842895843495,0.1647550462207903,1.4993531516652905,0.37632605591800233,232318611991.40656
Andhra Pradesh,Kurnool,1543.0,15988.0,43543.0,47716.10587540431,0.2611217020806941,0.20197528570181597,1.4990187499999998,0.46712916726774867,442917466416.1888
Andhra Pradesh,Prakasam,1024.0,12707.0,25403.0,27116.30046762827,0.25341155577901164,0.1942767560733564,1.499520905923345,0.3898382274706827,247485477182.51224
Andhra Pradesh,Spsr Nellore,62.0,0.0,0.0,0.0,0.0,0.0,0.9499999999999998,1.0619930973524292,0.0
Andhra Pradesh,Srikakulam,583.0,13395.0,24604.0,42849.71970726687,0.27464040446167975,0.21035606290137154,1.4992705570291778,0.35979895504940573,399672955979.937
Andhra Pradesh,Visakhapatnam,1033.0,17153.0,40987.0,44922.08899998723,0.25134159167050446,0.19511607963956126,1.4992021276595746,0.4113643710670417,415451327439.3613
Andhra Pradesh,West Godavari,753.0,9809.0,23878.0,22931.022517534147,0.23165706575346384,0.1818830052494463,1.499555735056543,0.3611881800352704,211193798452.79388
Arunachal Pradesh,Kamle,1.0,11.0,4.0,2142.8571428571427,0.057142857141714284,0.028571428570857142,1.3625,0.5944190024552073,21428571428.57143
Arunachal Pradesh,Longding,481.0,123.0,350.0,3481.7607295219236,0.12188292188107759,0.09720369720211898,1.4851351351351352,1.0642850822068595,30810810811.34897
Arunachal Pradesh,Lower Dibang Valley,16.0,339.0,271.0,53616.666666666664,0.219436090222334,0.18068922305484228,1.43125,0.44587000427756107,521000000001.82996
Arunachal Pradesh,Lower Subansiri,8.0,165.0,876.0,45287.87878787879,0.19415890433434366,0.14829729723316618,1.4725,0.335432019063558,445454545455.6591
Arunachal Pradesh,Shi-yomi,1.0,11.0,70.0,11083.333333333334,0.06666666666533333,0.033333333332666665,1.3625,0.534785579473566,86666666671.5
Assam,Cachar,2999.0,5730.0,8064.0,13134.311599157489,0.23058435196062388,0.18041720579200626,1.4991171749598717,0.5474322189183373,106425196854.48184
Assam,Darrang,1565.0,3598.0,3548.0,17640.001540825702,0.265058679714948,0.20496961856216372,1.4969444444444444,0.7413959006740425,148251366124.30002
Assam,Dhemaji,1102.0,1811.0,2351.0,12977.552360964097,0.2446971070661322,0.19684343176422597,1.4958955223880597,0.7022001705390902,100222222226.99924
Assam,Dhubri,1669.0,8215.0,6150.0,30259.636779267254,0.31065826525746854,0.2415474144215544,1.4979553903345724,0.6017534974700653,269672727277.6167
Assam,Goalpara,741.0,3017.0,2081.0,16855.32639986734,0.27195882351923667,0.20981753721842236,1.495167004048583,0.7327657264084295,141103896107.7283
Assam,Golaghat,1577.0,3030.0,3006.0,11792.43639289621,0.25051071883394,0.19616014581129787,1.4977551020408162,0.6367196804271037,87408906887.34476
Assam,Kamrup,1395.0,4542.0,5218.0,11511.32371292606,0.21905449936022378,0.1712353035563189,1.498875255623722,0.568636373687273,97439024392.93916
Assam,Kamrup Metro,1070.0,2696.0,4691.0,11151.99897530477,0.207837575856836,0.15790326826354328,1.4988069414316705,0.522372498690022,98784648189.74316
Assam,Karimganj,1828.0,3316.0,4343.0,13544.14508314793,0.2656688857501389,0.20709733989141035,1.4981967213114753,0.616582236803034,111354838713.33327
Assam,Nagaon,969.0,9031.0,16037.0,38103.28994354326,0.26033024475023875,0.19801350038733154,1.4987238979118331,0.6662639844305068,339757174399.1345
Assam,Sonitpur,1302.0,5114.0,2646.0,11394.235968779785,0.23600033613992707,0.18709445048489476,1.4988517745302714,0.58610844381189,100408163267.39015
Assam,South Salmara Mankachar,91.0,919.0,282.0,14573.401219992129,0.306271988033725,0.23752589273359603,1.4857954545454546,0.6341074340300218,96136363644.69171
Assam,West Karbi Anglong,384.0,112.0,392.0,5541.491596638655,0.0753759398478325,0.06813909774266852,1.4901785714285716,0.8229896376387791,46071428572.83489
Bihar,Araria,2190.0,18642.0,19121.0,83874.70862312472,0.3114027194631219,0.24073876994803298,1.4978346456692913,0.7753582538430189,782528301894.3789
Bihar,Aurangabad,1357.0,13457.0,12579.0,50376.577722299386,0.31093340987788326,0.23891374753582256,1.4983516483516484,0.5571960268872699,459273743022.9684
Bihar,Banka,1287.0,10657.0,12347.0,44452.63444543128,0.2512739989854256,0.1946983418534159,1.498401162790698,0.6492898601184051,413388888893.1485
Bihar,Begusarai,1348.0,11248.0,14714.0,44276.29543420134,0.2830485795550684,0.2193526992930065,1.498525469168901,0.702919141210991,398056994825.136
Bihar,Bhagalpur,3170.0,11045.0,18004.0,37786.12701397474,0.274601568681035,0.2142237193314359,1.4986935866983373,0.6588501236544546,333552941182.5868
Bihar,Bhojpur,1674.0,12425.0,10658.0,29302.26526530749,0.30608131005643674,0.2348623091603415,1.498875255623722,0.5322498419371025,245523255821.6066
Bihar,Darbhanga,2510.0,17907.0,23125.0,43263.85719033818,0.3051080548903441,0.2354902505405942,1.499046793760832,0.6162575868487726,378511705693.5467
Bihar,East Champaran,5159.0,27752.0,25669.0,54634.90507044176,0.32240565075860517,0.2486334551933224,1.4990036231884059,0.5749711249443343,493357271102.3335
Bihar,Gaya,2804.0,18279.0,20472.0,53919.38878190231,0.296583245089826,0.2290610238159986,1.498696682464455,0.6404203888112211,491935483877.4168
Bihar,Gopalganj,1601.0,12863.0,13149.0,57267.45929705597,0.32829129754504655,0.25270904093005137,1.4981164383561643,0.630880018384785,528456375844.8861
Bihar,Jamui,886.0,8155.0,7141.0,66580.9640060326,0.32336064853455637,0.24997705278614224,1.492930528375734,0.6822877131963094,609407894745.0131
Bihar,Kaimur (Bhabua),1404.0,6709.0,9373.0,53053.959489084635,0.31227818636147237,0.24234686550659207,1.4962837837837837,0.6262389409249433,447763157906.5396
Bihar,Katihar,1944.0,16377.0,26893.0,88876.49928648761,0.30214073062091246,0.23390584324186287,1.498172757475083,0.6230878967123273,829558359629.1055
Bihar,Kishanganj,854.0,20333.0,24609.0,349423.71735229675,0.3140421557053388,0.24474664482470512,1.49375,0.6024833088747492,3374432989707.168
Bihar,Madhepura,1118.0,9179.0,10293.0,47675.76143814133,0.2837138005471457,0.2196725389465666,1.4977822580645161,0.7002513300582067,431889763785.91113
Bihar,Madhubani,3305.0,19514.0,28296.0,55858.22030511676,0.3099014377907005,0.23705218160847283,1.4990265486725665,0.6169397437508557,513447098982.7005
Bihar,Muzaffarpur,2236.0,23676.0,21506.0,48657.16501010973,0.3014403062314179,0.2326844725571466,1.4991419656786271,0.5495445650763725,445357686459.4944
Bihar,Nalanda,1368.0,14799.0,11941.0,38312.25017631762,0.29396556030156024,0.22722486225690217,1.498429648241206,0.6375138919235026,333638554224.0857
Bihar,Nawada,1379.0,7772.0,5220.0,22184.547019397734,0.3014312622951507,0.23221996846237716,1.4966163793103449,0.6428176312285231,188503401365.18988
Bihar,Pashchim Champaran,665.0,99.0,78.0,2891.6666666666665,0.08180555555354965,0.06972222222044236,1.490677966101695,0.30361929977766194,28333333333.45
Bihar,Patna,2536.0,29243.0,24726.0,44436.87139802623,0.2812661717805232,0.21608886132908478,1.4993475682087782,0.6014882589622774,405310668235.5028
Bihar,Purbi Champaran,1222.0,0.0,0.0,0.0,0.0,0.0,1.0325888568683959,0.47011013061222184,0.0
Bihar,Purnia,2832.0,11511.0,20465.0,50450.855809908724,0.2795671193870884,0.21678922385402916,1.4983823529411764,0.7156441139847917,458514285720.3367
Bihar,Rohtas,949.0,11244.0,10762.0,42356.62190349513,0.3095684337130051,0.23772527714521663,1.4984507042253523,0.5131771111194933,376287262879.65094
Bihar,Saharsa,1837.0,7282.0,12374.0,52707.386827259215,0.2965627268862097,0.22698908942820215,1.49739336492891,0.6686375819690686,485674418610.078
Bihar,Samastipur,2413.0,21107.0,20255.0,55555.69920187388,0.3045606462302188,0.23546045897171078,1.4989021956087825,0.5902182392280384,508282442754.937
Bihar,Saran,2638.0,17021.0,18068.0,34162.790830768434,0.3088991153188732,0.2373767585030534,1.499047977624785,0.5992103233410045,309768786131.6594
Bihar,Sheikhpura,412.0,3605.0,3376.0,44500.721928005536,0.2650555685145836,0.21117792287592074,1.4879128264208907,0.8550768977625809,398469387761.8456
Bihar,Sheohar,405.0,2743.0,4756.0,72819.70142723504,0.3062661049278649,0.23298240783549484,1.4856363636363636,0.8440624299264154,683428571434.7683
Bihar,Sitamarhi,5104.0,15749.0,22576.0,68037.90647587758,0.28585753037069594,0.22111188067496285,1.4972534940755844,0.6569393229675873,636049382722.0264
Bihar,Siwan,2340.0,10656.0,11900.0,23166.318310727278,0.2785093309576601,0.21468150215184179,1.498968105065666,0.5660781092924451,196985294122.7544
Bihar,Supaul,1419.0,13662.0,15923.0,67198.44623695723,0.30312133225994714,0.23619723801250544,1.4982649842271294,0.5369716723248037,632522522528.012
Bihar,Vaishali,2075.0,14820.0,15639.0,41259.438644463116,0.2941054721859313,0.22831470273575274,1.4987414187643022,0.5478256391975105,372119205303.6783
Bihar,West Champaran,3177.0,23726.0,14193.0,70957.01755582576,0.3224134964626251,0.24987342746966887,1.4977459016393442,0.5063852508851507,639795918376.4221
Chandigarh,Chandigarh,338.0,8892.0,9799.0,60707.67486408631,0.23882570066075937,0.19102219521466746,1.497876447876448,0.5618119768784545,577416974174.3696
Chhattisgarh,Balod,191.0,5089.0,9148.0,94927.16603076772,0.27772028482157274,0.21401682162041125,1.4951127819548873,0.5079712991566895,837627118662.6309
Chhattisgarh,Baloda Bazar,448.0,15978.0,23287.0,140900.94534317224,0.29851077128166914,0.2291087028168106,1.4975555555555555,0.49716704895705116,1323613445391.6763
Chhattisgarh,Balrampur,758.0,2538.0,2741.0,25427.290643491677,0.3403643469427559,0.260941107927116,1.4923611111111112,0.8156409359835588,175416666678.6029
Chhattisgarh,Bastar,1067.0,10405.0,11336.0,112506.42762087146,0.26293569217788726,0.20305769397650347,1.4944907407407406,0.7738563458868112,1064539007099.8677
Chhattisgarh,Bemetara,504.0,8536.0,22645.0,195934.81958394748,0.3042715954967672,0.23389268771943736,1.4954918032786884,0.5713415054745322,1879302325592.3496
Chhattisgarh,Bijapur,610.0,1117.0,2799.0,21897.27921362371,0.2532509941392209,0.1917606274790582,1.4933734939759036,0.930955554455426,193837209305.7538
Chhattisgarh,Bilaspur,983.0,13618.0,21718.0,67664.34566797441,0.3003777577096615,0.23315370634619398,1.4970955249569706,0.5884284297736553,601820809259.232
Chhattisgarh,Dhamtari,285.0,9579.0,15675.0,134888.21588311845,0.2162272032182144,0.17210048268443487,1.4953246753246754,0.5727290375179508,1295582822093.8684
Chhattisgarh,Durg,351.0,3622.0,18004.0,56752.566655058064,0.2454421222668481,0.18976307739991238,1.4965188241361527,0.49642838492280805,502783505165.3914
Chhattisgarh,Gaurella Pendra Marwahi,352.0,0.0,0.0,0.0,0.0,0.0,0.95,0.3931940249456982,0.0
Chhattisgarh,Janjgir-champa,567.0,14645.0,20661.0,102537.27328432126,0.31954954296573684,0.24836344085416742,1.4978846153846153,0.48334242150657175,919963099648.5205
Chhattisgarh,Jashpur,320.0,4795.0,11008.0,64905.69382758162,0.2890840134673716,0.2250563408966193,1.4969101123595505,0.5180007125159152,568494623669.0087
Chhattisgarh,Kabeerdham,117.0,965.0,3700.0,74827.49915569065,0.233642259998006,0.18426907555591734,1.4797777777777779,0.7223812068743318,680638297882.3596
Chhattisgarh,Kanker,212.0,3903.0,5467.0,42933.47041847042,0.28518402759672656,0.21893327473322097,1.49683908045977,0.4131619243874074,390000000006.408
Chhattisgarh,Kawardha,240.0,7205.0,5463.0,171873.43646992065,0.2966519055479189,0.23218294478410048,1.4811298076923076,0.7352887417224281,1651509433970.4346
Chhattisgarh,Khairagarh Chhuikhadan Gandai,28.0,473.0,172.0,13521.666666666666,0.31211896547132445,0.23572466900820416,1.4855263157894738,0.46442235231174334,116000000003.58125
Chhattisgarh,Kondagaon,298.0,20474.0,9940.0,310588.47301439,0.30295488520755215,0.23253542135539065,1.493236074270557,0.8026539384887235,3056483516490.7354
Chhattisgarh,Korba,426.0,6350.0,11150.0,67834.1469601637,0.2404881431329333,0.18570176362432683,1.4972081218274111,0.6133611000324342,631626794265.7544
Chhattisgarh,Mahasamund,475.0,19487.0,12326.0,290431.16798621055,0.2821854550642003,0.2202465508577274,1.493820224719101,0.5722199207508816,2817934782619.6064
Chhattisgarh,Mungeli,344.0,8124.0,11335.0,207610.9714911286,0.30380717041697414,0.23374287526617216,1.485677749360614,0.678748915487949,1983972602752.0522
Chhattisgarh,Narayanpur,103.0,1759.0,3334.0,240021.36189403993,0.2958513876238129,0.23070784507254669,1.4665343915343916,0.7091568419541566,2361052631583.569
Chhattisgarh,Raigarh,399.0,9678.0,26300.0,129162.77039879313,0.3121929540314332,0.2365237354718372,1.495414201183432,0.5917054472726333,1177545454563.1614
Chhattisgarh,Raipur,1374.0,12245.0,26404.0,58038.95876320355,0.25333258980598344,0.19609492406816192,1.498658536585366,0.7075894194471253,533501199047.4581
Chhattisgarh,Rajnandgaon,542.0,12454.0,17933.0,141177.26140651802,0.34029761498154476,0.26152494996744596,1.4961656441717792,0.5483914545216441,1296235294136.6855
Chhattisgarh,Sarangarh-Bilaigarh,30.0,876.0,141.0,10982.456140350876,0.29787437315250925,0.23704653956143476,1.4921428571428572,0.30630911007933137,90657894740.45175
Chhattisgarh,Sukma,98.0,975.0,2240.0,49401.552309479135,0.3242824758950339,0.2505493268485694,1.48625,0.6249167410344516,366097560997.4738
Chhattisgarh,Surajpur,218.0,3069.0,6291.0,64452.41666666667,0.30428629052439166,0.2348080986249905,1.4942708333333332,0.49967943757854805,564300000011.4882
Chhattisgarh,Surguja,486.0,12748.0,14173.0,142111.460392702,0.2774581211695743,0.2154660670009365,1.4934057971014494,0.627979893210648,1350939597324.8127
Dadra and Nagar Haveli,Dadra and Nagar Haveli,60.0,1043.0,4664.0,95803.12791783382,0.2353427359114627,0.1831371609517027,1.4854651162790697,0.7162239121110892,907254901968.2904
Dadra and Nagar Haveli and Daman and Diu,Diu,1.0,11.0,4.0,1363.6363636363637,0.022727272726704547,0.022727272726704547,0.95,0.23463887977722797,13636363636.363636
Daman & Diu,Diu,1.0,20.0,94.0,5380.952380952381,0.03174603174497354,0.03174603174497354,0.95,0.05849498705500773,53333333333.42857
Delhi,East Delhi,1095.0,20459.0,20138.0,272967.5254564205,0.29609293980699936,0.22700232184351823,1.495045045045045,0.7127210939018112,2667168141600.721
Delhi,Najafgarh,4.0,19.0,221.0,26166.666666666668,0.17592592592091047,0.17592592592091047,1.421875,0.279694996259781,256666666667.66666
Delhi,North Delhi,305.0,2026.0,5349.0,95809.78628289948,0.3109714882296687,0.23734555606283916,1.4837535014005603,0.5850549705381969,892075471707.1439
Delhi,North East,209.0,793.0,5130.0,139455.37414965985,0.31641878501061366,0.2437244458660739,1.4838235294117648,0.6207661711362779,1343714285720.7776
Delhi,North East Delhi,740.0,20173.0,32094.0,754639.3902624106,0.294702578553785,0.22791013208573394,1.4901785714285716,0.776347497749955,7492622950826.009
Delhi,North West Delhi,2140.0,36472.0,45682.0,268369.14227917313,0.31579148633131326,0.24573629982608594,1.4975,0.7487734325753106,2613348416298.8545
Delhi,Shahdara,64.0,5491.0,1081.0,115572.68518518518,0.30063684401185464,0.22888023881332006,1.4888571428571427,0.6633865118380984,1136296296299.2505
Delhi,South Delhi,1493.0,16948.0,26803.0,122330.97962967717,0.3219275394099736,0.24957867163079062,1.4980215827338128,0.724626811340501,1175789473691.0369
Delhi,South West Delhi,1550.0,16084.0,17248.0,64555.72105670108,0.2675501911534253,0.2066434800511447,1.4982704402515723,0.6588199406212906,606778115507.4297
Delhi,West Delhi,2397.0,18396.0,18163.0,153036.2346157764,0.31541570513475564,0.243474605763221,1.4949074074074074,1.0379483737732456,1468070175446.844
Gujarat,Ahmadabad,907.0,719.0,1645.0,5646.675651392633,0.0824865909753782,0.07025443110188456,1.4978720521852045,0.31079152724122616,51778975742.0638
Gujarat,Ahmedabad,2462.0,26774.0,46806.0,58975.10240391966,0.2732420594551261,0.21118840583984924,1.4990245711686736,0.525395606982285,550475206617.431
Gujarat,Banas Kantha,640.0,34.0,34.0,1303.4188034188035,0.023504273503685898,0.023504273503685898,1.4826084351785285,0.47245464746674454,9743589744.192308
Gujarat,Banaskantha,1984.0,5442.0,14370.0,36678.42060401855,0.2774402334847826,0.21304187267709176,1.4983076923076923,0.6411519599696625,329907975465.39496
Gujarat,Bhavnagar,1232.0,5019.0,12771.0,25456.219723106155,0.24391218627762343,0.1885709096753443,1.4989065606361829,0.5716871501235198,231279527562.91666
Gujarat,Dahod,1007.0,3828.0,11113.0,59595.73328152269,0.2686135068503296,0.20644690782609773,1.4968208092485549,0.5346667948798792,558448275867.3157
Gujarat,Dohad,1492.0,445.0,1424.0,8402.318068614222,0.1257471249952563,0.09817808457482653,1.4958333333333333,0.5652263382647411,72000000001.90637
Gujarat,Gandhinagar,1298.0,8480.0,10508.0,18478.361048762563,0.19882562448757052,0.15566259097929436,1.4987528344671204,0.5857392852720917,168119469029.21207
Gujarat,Mahesana,725.0,8811.0,14922.0,35464.304006538616,0.17896064792617236,0.14195688755911165,1.4989700374531836,0.5801357327873469,337281021900.6059
Gujarat,Morbi,1299.0,2006.0,3373.0,11930.683765842125,0.16743208920010852,0.127061836128888,1.4950892857142857,0.7145444893570798,102477876108.60095
Gujarat,Patan,1408.0,2338.0,8108.0,14346.145064746634,0.22225058212891396,0.1697786467336703,1.4969237680885275,0.6806379097319836,117525773199.87909
Gujarat,Rajkot,1672.0,16445.0,24587.0,49966.557022703935,0.2237193451151495,0.17659284422969135,1.4990662139219015,0.5595174774588392,477853577374.3537
Gujarat,Surat,3488.0,37604.0,34878.0,53769.30913176235,0.2166801697333907,0.169809676727957,1.4993537015276146,0.5949961491763321,507612612617.1527
Gujarat,Vadodara,1115.0,11448.0,21336.0,31040.322041996475,0.23803832856544418,0.1844591955544967,1.499049352750809,0.4791528364488026,283449074078.48914
Haryana,Faridabad,1581.0,9587.0,10694.0,59203.93397743224,0.2741085505450714,0.20926805255242467,1.4970744680851062,0.7695034521717407,550261780110.1705
Haryana,Gurgaon,828.0,19963.0,12229.0,74193.35401948098,0.2637656647141391,0.20434239993044565,1.4983870967741935,0.6807706005369935,711620111736.2642
Haryana,Hisar,590.0,7039.0,11211.0,64872.85499462584,0.23532403970922305,0.18416865393002183,1.4968429487179487,0.713691509616234,611018518524.2745
Haryana,Jhajjar,358.0,5384.0,8025.0,54652.420194981176,0.2007592919815943,0.1578608613798461,1.4950856915105621,0.6142760713292784,519219512199.261
Haryana,Jind,445.0,5753.0,12031.0,120576.93187804784,0.2936613559026092,0.22799775101614309,1.495175438596491,0.6216433025679229,1152066115710.0273
Haryana,Kaithal,279.0,5964.0,11297.0,106059.00488878936,0.24141510533679755,0.18553615120223108,1.4946157495256167,0.6504158753288899,1023241379316.3322
Haryana,Karnal,549.0,8046.0,16212.0,109254.63201528304,0.27301981316724366,0.21248827009534518,1.49683908045977,0.6656506315483084,1039946236567.5508
Haryana,Mahendragarh,334.0,6495.0,8558.0,139790.00613510289,0.33137424964978324,0.2581360933462701,1.4878968253968254,0.49336140035551224,1348241758248.3635
Haryana,Mewat,747.0,6285.0,8459.0,127357.13926978037,0.31044061160826864,0.23579878204665486,1.4921428571428572,0.7184613020635018,1195405405414.8635
Haryana,Palwal,638.0,3339.0,4238.0,46039.597140014295,0.32724185048127385,0.25042036357524383,1.493452380952381,0.6252382634080134,404651162798.57715
Haryana,Panipat,2096.0,9505.0,14049.0,25293.9945796951,0.2397940431267252,0.1876650597972956,1.4961805555555554,1.0432404660079448,222600000004.31888
Haryana,Rewari,309.0,5804.0,10272.0,73240.64959752565,0.2520459208897957,0.19433238262740685,1.4968571428571429,0.562375693610504,696881720435.6224
Haryana,Rohtak,303.0,1873.0,6523.0,33197.240572608214,0.19013545059662493,0.1497268484311505,1.4960007440476188,0.7080549765527386,305833333337.6025
Haryana,Sirsa,422.0,6625.0,12257.0,97924.70822329313,0.28444682502221574,0.2154805495770793,1.4944554848966614,0.6144787858410191,924654088058.5193
Jammu & Kashmir,Kupwara,0.0,1.0,1.0,1000.0,0.0,0.0,,0.5302776334282723,10000000000.0
Jammu and Kashmir,Bandipore,235.0,1008.0,1878.0,26195.518487978803,0.27984287929945817,0.20836364886490338,1.4911290322580646,0.714077440232196,230000000004.08835
Jammu and Kashmir,Budgam,105.0,3544.0,5673.0,88683.47279867898,0.19145485842959536,0.14549447881312877,1.4921348314606744,0.4528227588019522,861237113406.2212
Jammu and Kashmir,Doda,286.0,2151.0,5841.0,49252.17421917726,0.18504498538623235,0.15249965089444867,1.495985401459854,0.6172251434315467,478758620691.7558
Jammu and Kashmir,Kishtwar,163.0,528.0,2082.0,65112.76433118538,0.22174142042460543,0.17612203189114198,1.4822580645161292,0.6570424389287548,616666666671.766
Jammu and Kashmir,Kulgam,129.0,1610.0,3892.0,93751.73712342081,0.19997810426267684,0.15597758548395296,1.4880434782608696,1.1114646897779055,902653061229.7839
Jammu and Kashmir,Kupwara,410.0,3651.0,4756.0,85840.92060749097,0.26295249814759075,0.19971084066639186,1.4922535211267607,0.6662952604767336,801351351359.75
Jammu and Kashmir,Punch,388.0,3128.0,7083.0,124248.84196060551,0.2936514845612689,0.2255540040349756,1.4912698412698413,0.6351945644719028,1183582089560.7495
Jammu and Kashmir,Shupiyan,137.0,449.0,2500.0,92321.36812992077,0.28521876754952147,0.22444208825423567,1.4694444444444443,0.891026855393122,852105263166.0931
Jharkhand,Bokaro,666.0,7713.0,11861.0,38322.78082481284,0.2469473949173099,0.1889082174212107,1.4985933503836317,0.6047566884783637,356133004930.40857
Jharkhand,Bokaro *,1.0,0.0,0.0,0.0,0.0,0.0,0.95,0.0,0.0
Jharkhand,Chatra,1093.0,3511.0,6379.0,52892.59882479913,0.28320000862493777,0.21736631034819026,1.4936046511627905,0.6901588908978493,480909090914.80963
Jharkhand,Deoghar,1062.0,18244.0,12177.0,124937.9913818152,0.2896140962118087,0.22576626313542753,1.4963324652777779,0.7850743356839882,1216764705886.8591
Jharkhand,Dhanbad,1868.0,8404.0,19808.0,35683.70024560992,0.20996165626750674,0.16658943476061627,1.498964218455744,0.6629672331609544,332014388493.1912
Jharkhand,Dumka,957.0,11452.0,13424.0,83893.50408251597,0.2903496395806042,0.22377515330740208,1.4977083333333332,0.6187802220039939,804444444449.4777
Jharkhand,East Singhbhum,915.0,8438.0,17948.0,60590.45474270373,0.250615660237453,0.1953019776858247,1.498343373493976,0.5886781734275203,572057142862.1707
Jharkhand,Garhwa,776.0,3630.0,12314.0,104317.13513391661,0.20317794548369816,0.15934979711527336,1.495045045045045,0.8144519269637079,1006956521743.5536
Jharkhand,Giridih,1707.0,23485.0,19538.0,143863.29790713757,0.3142257971724611,0.2439873503920126,1.497689075630252,0.576913637892255,1397233201586.883
Jharkhand,Godda,698.0,7349.0,13747.0,104235.68947570886,0.27410169575971954,0.2127218761656598,1.4962068965517241,0.5545147666760422,984968152874.3248
Jharkhand,Jamtara,600.0,2448.0,4709.0,62091.72585979531,0.32624811649090857,0.2509769113094754,1.4925675675675676,0.7705966528189061,581038961044.5471
Jharkhand,Khunti,318.0,4027.0,6809.0,65846.01061898607,0.2549592271781754,0.2050972198453462,1.4949596774193548,0.7534012138773039,609160305351.3672
Jharkhand,Latehar,358.0,7396.0,5842.0,87532.6409557897,0.2724231590816372,0.2097622891988108,1.4937580437580438,0.590508940879865,814695652182.8376
Jharkhand,Lohardaga,212.0,987.0,2277.0,23202.363638088114,0.18243964692984355,0.14330911696992785,1.493125,1.0526354198377923,209518072292.30106
Jharkhand,Pakur,491.0,9391.0,5018.0,156288.04284838762,0.33129318974228933,0.25489440220924836,1.4862612612612613,0.8952390031035308,1521923076929.2356
Jharkhand,Palamu,1085.0,8416.0,12029.0,67997.60253743995,0.3107058171704027,0.24000544695714549,1.494848391089109,0.5781706598783337,639241706166.6228
Jharkhand,Pashchimi Singhbhum,90.0,550.0,1838.0,27688.89547754586,0.1538806256698291,0.11309666705374287,1.490677966101695,0.7039214149584779,243709677424.71136
Jharkhand,Simdega,250.0,1671.0,4977.0,57739.12357250592,0.30749813472538956,0.24172442364235538,1.4932926829268294,0.5580432099836499,528588235301.1837
Jharkhand,West Singhbhum,913.0,7494.0,12093.0,59888.188290693106,0.21933107155991924,0.1717745824762607,1.4975225225225224,0.7861767126199513,563405172418.747
Karnataka,Bangalore,786.0,5864.0,24542.0,23668.921859209317,0.1861488033935056,0.14796554017673055,1.4992412349555206,0.38138848032450584,220435540072.56363
Karnataka,Belagavi,909.0,5803.0,9571.0,11958.404042964825,0.14478328040684782,0.11764632846068852,1.4992713178294574,0.3863147427344957,110771960959.8072
Karnataka,Bengaluru,3544.0,31921.0,38119.0,34885.32032322449,0.2495653519866759,0.19250896914389293,1.499595588235294,0.4994910569549653,318195050951.0083
Karnataka,Bengaluru Rural,0.0,4.0,1.0,1250.0,0.0,0.0,,0.9505063697270595,12500000000.0
Karnataka,Bengaluru Urban,1651.0,0.0,0.0,0.0,0.0,0.0,1.4045454545454545,0.5297631544906488,0.0
Karnataka,Yadgir,980.0,3173.0,6326.0,20815.846397141508,0.24202526006086025,0.18526908245100956,1.4979087452471482,0.5120826181899106,184812030078.63947
Kerala,Malappuram,1848.0,15687.0,25039.0,27492.05290750739,0.2683066153085488,0.2064251751299375,1.4994990892531876,0.3951474856041915,242981691374.02924
Kerala,Palakkad,794.0,4790.0,15064.0,12659.532530961102,0.15048383929868392,0.12264912683059259,1.4993204213387699,0.3506259554983449,114849816851.92871
Madhya Pradesh,Alirajpur,1239.0,3241.0,14358.0,104319.43733525577,0.23816946327663227,0.18479564142240273,1.4897623837063112,0.8690625154221948,1006395348841.8539
Madhya Pradesh,Ashok Nagar,587.0,3761.0,7206.0,69899.0990854957,0.25542128910656414,0.20173146731815747,1.4936046511627905,0.6781827587798742,675402298853.4352
Madhya Pradesh,Balaghat,719.0,9096.0,18696.0,105068.00963285848,0.29803816018528245,0.2329340853867963,1.4974770642201833,0.4544685109299874,1014763948503.2504
Madhya Pradesh,Betul,994.0,3751.0,12529.0,40439.51214517313,0.22571455804665644,0.17835240684809203,1.4961025280898876,0.6508814196203694,369963898922.08527
Madhya Pradesh,Bhind,1403.0,7295.0,9227.0,43492.99147103769,0.3121105310466309,0.23890036849388577,1.497689075630252,0.6314376339306749,400791666671.66
Madhya Pradesh,Bhopal,1383.0,16715.0,30735.0,110331.7423847716,0.25096784808811146,0.1940941545690726,1.497062125748503,0.7041704115276003,1073047091416.9775
Madhya Pradesh,Burhanpur,1081.0,2852.0,16914.0,163614.43504317824,0.24036987079980082,0.1888996600497747,1.49,0.9636700753219539,1605689655176.2063
Madhya Pradesh,Chhatarpur,1874.0,7807.0,12040.0,50253.42719299483,0.29213257969195633,0.2227849738799847,1.497843137254902,0.5871989742754598,465447470822.2081
Madhya Pradesh,Chhindwara,1166.0,8992.0,19471.0,68251.39601076751,0.24048431153393302,0.1854297888331465,1.4971999999999999,0.6408962240982147,650235988205.2236
Madhya Pradesh,Damoh,641.0,7209.0,16479.0,123557.60205114691,0.30611927819390866,0.23467272577987608,1.49640522875817,0.5836537118921034,1189753086426.5574
Madhya Pradesh,Datia,524.0,4840.0,5846.0,79695.01959822427,0.29906008678730145,0.23329192496829643,1.4946078431372547,0.711702643770194,766822429910.5245
Madhya Pradesh,Dewas,2024.0,5177.0,15250.0,54398.611337509916,0.2525283044594742,0.1966566314910299,1.497027027027027,0.7575320541004386,518449197864.2955
Madhya Pradesh,Dhar,968.0,6824.0,9209.0,57486.99308741087,0.2620223080954816,0.20525464889780487,1.4973300970873786,0.6403275807022699,541886792457.62396
Madhya Pradesh,Dindori,335.0,5215.0,8761.0,116591.95081467072,0.252784091370693,0.19495959532516102,1.4913262527233115,0.5685730771511561,1135321100922.0042
Madhya Pradesh,East Nimar,412.0,1094.0,5967.0,34500.41122974649,0.13422894591551662,0.10760876991555735,1.494258130081301,0.6662067834277294,328034682083.49365
Madhya Pradesh,Guna,861.0,4609.0,13114.0,70786.68179452178,0.2700296457378815,0.2092940022316712,1.4965205061082025,0.6884500844705725,681573604064.5083
Madhya Pradesh,Gwalior,1904.0,5948.0,11606.0,41544.325645523226,0.2744371193055135,0.20897893203567686,1.4974654377880183,0.682839724019023,384611872150.282
Madhya Pradesh,Harda,191.0,1281.0,3190.0,126678.73216284032,0.2989767023135052,0.22139604883590547,1.4810344827586208,0.5392099899029184,1239354838713.1755
Madhya Pradesh,Hoshangabad,703.0,1543.0,12853.0,61713.4355062131,0.1577509920205593,0.12413021951407309,1.4944164831708084,0.7089356880859109,598410256412.8352
Madhya Pradesh,Indore,5361.0,24626.0,36982.0,87000.72103340244,0.2626824803548374,0.20355429027528482,1.498343373493976,0.6659907999568971,835873925506.1805
Madhya Pradesh,Jabalpur,1350.0,8408.0,15876.0,59458.802565447,0.2710437751564932,0.21046036893289743,1.4975862068965518,0.5841674524724786,564736842109.337
Madhya Pradesh,Jhabua,776.0,2993.0,6228.0,50188.195843818045,0.24189628487981124,0.18434535758382165,1.4950892857142857,0.8754936872791227,470862068969.3924
Madhya Pradesh,Katni,2304.0,7847.0,15499.0,61264.90605536425,0.2752312722571706,0.20960612477303686,1.4947565371805718,0.7027660339343795,577473118284.2736
Madhya Pradesh,Khandwa,1579.0,2706.0,7528.0,24569.82797563985,0.18284125824260047,0.1478176789812389,1.4961972049345529,0.6138285120890132,225301204822.3117
Madhya Pradesh,Khargone,1237.0,3093.0,17667.0,64158.27408477283,0.2383576599606705,0.18267259994276625,1.4975555555555555,0.6406007911338019,612145922750.873
Madhya Pradesh,Mandla,650.0,6194.0,9536.0,76283.97316375881,0.27809871577852396,0.21054010667792772,1.4966666666666666,0.5028316571738887,735254237291.9926
Madhya Pradesh,Mandsaur,1012.0,6667.0,12852.0,69354.42806849154,0.28226652556372966,0.2140034731705331,1.4972345132743363,0.47018928014169475,666875000003.7799
Madhya Pradesh,Morena,3830.0,11136.0,23711.0,106798.57594704715,0.30718458855242237,0.2373607304706085,1.4958646616541353,0.8077632086455284,1035338345868.997
Madhya Pradesh,Panna,1128.0,3148.0,13468.0,87367.18174736784,0.269075763991823,0.20965973936445045,1.4962068965517241,0.5925714439318008,850649350652.2743
Madhya Pradesh,Raisen,874.0,4544.0,12226.0,59150.312810322794,0.27816036817314227,0.21159837431855194,1.495327380952381,0.5762499258839758,549683257924.9468
Madhya Pradesh,Rajgarh,882.0,3022.0,15059.0,90542.73080439614,0.3034090644393495,0.23095922009326317,1.4953505644682115,0.43493347393490317,854437500007.4138
Madhya Pradesh,Ratlam,1180.0,4811.0,13734.0,77311.09334384243,0.26865145976925014,0.20426225415032148,1.4938852813852814,0.7336883864873608,732530864202.7325
Madhya Pradesh,Rewa,1367.0,9975.0,26074.0,78103.33263217495,0.2923774396665223,0.2224225790831993,1.497814039408867,0.4824701953353777,739076086962.398
Madhya Pradesh,Sagar,1744.0,8400.0,26975.0,91253.73939840206,0.2845929821374204,0.21906287168852978,1.4981418918918918,0.5925308261315937,879022801307.428
Madhya Pradesh,Satna,1815.0,10740.0,31331.0,105036.72666990334,0.27743747645474043,0.2126630554181305,1.498148148148148,0.5588651599274763,1015647840536.4016
Madhya Pradesh,Sehore,1676.0,2950.0,15422.0,58284.7938424504,0.2242175211832301,0.18217956895993895,1.4972361809045225,0.6734676014281116,554134615388.7522
Madhya Pradesh,Seoni,612.0,10641.0,12875.0,101302.0258999899,0.3185729577745245,0.24427694426873492,1.4961702127659573,0.4847643728011902,980597014929.9722
Madhya Pradesh,Shahdol,655.0,5035.0,12984.0,76049.59217184538,0.2170672836056598,0.16437202137660506,1.4970744680851062,0.6859400931823119,731658291461.3331
Madhya Pradesh,Shajapur,851.0,1888.0,12811.0,47641.661486070254,0.25941834975822825,0.20023209139956907,1.496625525210084,0.6025448109046523,448163265310.2169
Madhya Pradesh,Sheopur,1458.0,4440.0,12494.0,181083.5279839853,0.31300199576280824,0.2405431410489405,1.49140625,0.6479088661773341,1780441176474.5547
Madhya Pradesh,Shivpuri,1168.0,4156.0,18042.0,80244.38304386823,0.24568040289711424,0.19080801024341448,1.4974056603773584,0.669919037818975,769140271497.7498
Madhya Pradesh,Sidhi,764.0,4711.0,9486.0,100897.76421657902,0.3037683492506898,0.23429192649700653,1.4946601941747573,0.793957879241669,963428571434.8718
Madhya Pradesh,Singrauli,748.0,3392.0,5607.0,34512.729892048796,0.2759928454148977,0.21318826577220307,1.4946545454545455,0.8308633373563944,306742424247.73224
Madhya Pradesh,Tikamgarh,1128.0,3853.0,23092.0,90264.78791076061,0.27726335940607855,0.21333428872078075,1.497598253275109,0.5003563037321007,861875000005.6132
Madhya Pradesh,Ujjain,1635.0,9036.0,17011.0,63684.64215224124,0.2834118384822983,0.2155832602989243,1.4980902777777778,0.57873576115327,604884488453.0441
Madhya Pradesh,Umaria,919.0,1587.0,5002.0,34991.979006605856,0.25605113800898177,0.19844687713368053,1.4949999999999999,0.7159831664568869,325309734516.4852
Madhya Pradesh,Vidisha,939.0,3383.0,10219.0,57477.88693139692,0.28561786669393857,0.22413495516719303,1.4960714285714285,0.7005470610809463,527534246581.649
Maharashtra,Ahmadnagar,1411.0,24789.0,47348.0,51771.18136822363,0.2604442833349074,0.2024456748189092,1.4994538232373387,0.44913660485006435,438294062219.24396
Maharashtra,Akola,375.0,6811.0,25105.0,77985.41041465149,0.2420429198649492,0.18523100787243874,1.4982649842271294,0.5315651433534543,712529761915.9391
Maharashtra,Amravati,833.0,13186.0,48711.0,90690.30433606621,0.25819476573764555,0.19844691368157094,1.498934108527132,0.4728288776953959,808763837654.963
Maharashtra,Aurangabad,1615.0,13863.0,40073.0,68684.96314404896,0.25966841405392044,0.19952894187899956,1.4988049713193117,0.6837770100446118,618333333343.8907
Maharashtra,Beed,1297.0,18728.0,34793.0,81903.92623134797,0.3032715649538219,0.2335801058002378,1.4984593837535016,0.5556569290560611,682624309412.8787
Maharashtra,Bhandara,229.0,4542.0,12740.0,59280.10085978836,0.26267728065000306,0.20207388754236363,1.4975663716814158,0.4095983279350672,529708333343.9088
Maharashtra,Buldhana,660.0,9221.0,21620.0,54979.39631634967,0.2652651355134222,0.203041381929057,1.4983231707317073,0.5338898543223641,425860058328.63446
Maharashtra,Chandrapur,440.0,10484.0,25474.0,73054.4300432612,0.2684804757484994,0.20700548510969163,1.4984890109890112,0.5013995647811099,641246753261.5612
Maharashtra,Dhule,2791.0,8596.0,32723.0,64107.13675784102,0.26992684496586156,0.20787856517647746,1.4976646332965933,0.6475319980231038,563392330395.1049
Maharashtra,Gadchiroli,243.0,6435.0,16709.0,87888.07081807082,0.2896227785799041,0.22315483129650363,1.4958110516934044,0.3993129312643259,728153846179.048
Maharashtra,Gondiya,408.0,7990.0,12850.0,78485.2872525355,0.2922544766741763,0.22678811690172393,1.4967455621301775,0.5955732380399289,653898305105.3778
Maharashtra,Hingoli,864.0,9207.0,9823.0,56821.972333966514,0.220936114339414,0.17242570882999841,1.495955882352941,0.7086773008584347,427183098611.513
Maharashtra,Jalgaon,1452.0,14633.0,39675.0,51407.842750398355,0.2546203858646287,0.19640752076234141,1.499182763744428,0.5765284817219525,431686046524.79706
Maharashtra,Jalna,541.0,8895.0,20396.0,70309.24176248754,0.26049102222240494,0.1988849094842274,1.498124098124098,0.6187160934892533,627483870979.7354
Maharashtra,Kolhapur,967.0,15671.0,35633.0,45107.028936999304,0.2497055355256751,0.19440177428332894,1.4992881548974943,0.410627337788236,408653017248.3826
Maharashtra,Latur,1693.0,13883.0,31941.0,97266.06874703923,0.2977297355474265,0.22706284427274295,1.498148148148148,0.5842342166048411,864304207136.2949
Maharashtra,Mumbai,2357.0,12851.0,53318.0,43871.80034465823,0.23991785802949064,0.18434053523782865,1.4994746895893027,0.49640505769168414,386865808831.7521
Maharashtra,Mumbai Suburban,3339.0,22833.0,21735.0,42585.73785845294,0.30866848527278334,0.23745063011899736,1.4984944337983226,0.5252621275464371,375098335862.8478
Maharashtra,Nagpur,1289.0,14768.0,33072.0,43324.4502444856,0.2653366788428994,0.205838163306427,1.499269588313413,0.4980552077508813,367737789213.6768
Maharashtra,Nanded,1285.0,25258.0,43575.0,87805.83505409973,0.2874599107652925,0.21984534134926817,1.4989299610894942,0.5924066631448733,739103053457.6267
Maharashtra,Nandurbar,1914.0,4496.0,32215.0,82541.87285675463,0.24632231133630694,0.18898778516238476,1.4979245283018867,0.740377208776339,753357400732.7177
Maharashtra,Nashik,2411.0,23218.0,63398.0,66177.0179618402,0.2648856542982232,0.20602569482932484,1.499046368839251,0.6115120789048202,577371937652.3297
Maharashtra,Osmanabad,380.0,9703.0,9840.0,44815.880516009376,0.2783981515451183,0.2172167633748879,1.4980357142857141,0.4761111713140341,363470790391.38324
Maharashtra,Palghar,2284.0,12534.0,21968.0,37892.58885882671,0.24706140686403152,0.19087300870328675,1.498735632183908,0.6980769762325982,330681818188.8921
Maharashtra,Parbhani,778.0,14264.0,16974.0,61877.73861643521,0.30395226709600803,0.23476654874104472,1.4961802413273002,0.5885774749460562,457692307716.8919
Maharashtra,Pune,4341.0,49746.0,75133.0,51963.93950646625,0.27324242252826453,0.21176783588221199,1.4994975084012339,0.5335419406633694,466374067707.8709
Maharashtra,Sangli,1075.0,10277.0,21158.0,28581.311754470444,0.21408308049400485,0.1653729672502471,1.4992382271468145,0.4819070471525682,244919137472.85635
Maharashtra,Solapur,1343.0,28101.0,39966.0,56550.02354296488,0.28975644649964194,0.22370378916359168,1.4993529411764706,0.5448728756689184,488099078353.6726
Maharashtra,Thane,5535.0,45043.0,64352.0,53304.086493473405,0.2759686494414455,0.21260225176067055,1.4992128189516798,0.6614102273458338,469615754092.0604
Maharashtra,Wardha,241.0,2644.0,13794.0,58444.3142066267,0.20936129586529786,0.16383859854592855,1.4971502590673575,0.5089983022411123,484700000016.8095
Maharashtra,Washim,298.0,4613.0,12675.0,77460.71324508825,0.2450895074052275,0.19112473982890937,1.4963333333333333,0.6442490761862363,630064102588.8041
Maharashtra,Yavatmal,1172.0,22858.0,49358.0,122984.20591975295,0.29769738977487237,0.22839535907121958,1.4986146095717885,0.5378885211916375,1065230024239.5741
Manipur,Bishnupur,154.0,5106.0,2772.0,44075.10979358805,0.3393168245778391,0.2608437623140908,1.4850661625708883,0.7804064677550725,159565217431.3982
Manipur,Churachandpur,207.0,1031.0,1555.0,17203.242050079327,0.1772683431326905,0.1354036020849491,1.4923202614379085,1.074219729432143,160000000002.0345
Manipur,Imphal East,146.0,5713.0,5359.0,47925.93896713615,0.2669981860284691,0.20732782203850128,1.4960144927536232,0.47213149946010735,338380281713.8438
Manipur,Imphal West,126.0,5907.0,11208.0,90312.61431725007,0.29423336918229176,0.22232408946813303,1.4945601851851853,0.47111245972961163,778145695386.3641
Manipur,Tamenglong,124.0,1407.0,824.0,16308.222222222223,0.2531142951713461,0.2005843868576237,1.4924657534246575,0.700810304816352,130800000004.7575
Manipur,Thoubal,123.0,6574.0,12174.0,160683.71212121213,0.2984183546268163,0.22998614386304705,1.4923780487804879,0.5210761156624002,1419772727300.955
Meghalaya,East Garo Hills,1379.0,1420.0,505.0,29290.691132173717,0.1816696025558462,0.14358881316773917,1.4882978723404257,0.9665659784960988,285833333334.28424
Meghalaya,East Jaintia Hills,1350.0,212.0,632.0,4178.008779269284,0.19091203282729058,0.1603996254353759,1.4798184098086569,0.5938626851241364,24642857144.878136
Meghalaya,East Khasi Hills,3627.0,1182.0,2284.0,5279.001433901247,0.13736061731946433,0.10990501826012274,1.4979038499259973,0.756305388419124,44163701068.86744
Meghalaya,Eastern West Khasi Hills,37.0,29.0,0.0,1225.5494505494505,0.12912087911779063,0.11813186812893663,1.4541666666666666,0.9387047725920421,9230769231.209707
Meghalaya,Ri Bhoi,792.0,1208.0,730.0,12470.912886623426,0.16862352369640538,0.12930351234583257,1.49375,0.7786470261593734,110777777779.943
Meghalaya,West Garo Hills,2717.0,918.0,7642.0,5415.506979442643,0.22563684880263726,0.17288741517278097,1.4939560439560438,0.8928594398031413,30989010992.20247
Meghalaya,West Jaintia Hills,292.0,284.0,225.0,4197.2358072813895,0.15991117903951124,0.12474735604998392,1.4771171171171171,0.9309290214074266,34054054055.088432
Meghalaya,West Khasi Hills,4683.0,406.0,1442.0,2621.645586204053,0.12469909076075177,0.10377667692914286,1.4721785686010609,1.0997779781151449,8823529413.830402
Mizoram,Khawzawl,3.0,8.0,1.0,1071.4285714285713,0.0,0.0,1.4214285714285713,0.90049825063833,8571428571.857142
Mizoram,Lunglei,52.0,1566.0,3715.0,57903.78787878787,0.12103472848581687,0.09246881892568014,1.493125,0.6314849065627782,566590909093.0322
Mizoram,Mamit,27.0,204.0,1300.0,45086.55024509804,0.06972966269740026,0.053559027776955453,1.4670758928571428,0.49853426374258675,443125000001.46356
Mizoram,Serchhip,9.0,233.0,967.0,38266.12903225807,0.14462554301023883,0.1259811969466978,1.4710526315789474,0.3730797365876114,378709677420.129
Nagaland,Kiphire,39.0,122.0,534.0,40269.230769230766,0.2745956580109634,0.21597473112799015,1.4386217948717948,0.9300112175732569,357692307700.1871
Nagaland,Longleng,379.0,56.0,563.0,17403.698435277383,0.12268192763349713,0.10000938174134688,1.4710526315789474,0.852741139678102,161052631581.21082
Nagaland,Niuland,0.0,30.0,6.0,3000.0,0.1708333333287014,0.1374999999960347,,0.19620917166620896,30000000000.0
Nagaland,Tseminyu,3.0,6.0,7.0,1562.5,0.0,0.0,1.4214285714285713,0.5344892059861387,15000000000.125
Nagaland,Tuensang,57.0,1204.0,1838.0,53244.4120505345,0.19611987454954002,0.1575035474492715,1.4771802325581396,0.842780384845505,503673469391.9469
Odisha,Cuttack,634.0,5447.0,20993.0,31163.661688795917,0.17423667058186504,0.13971306968628078,1.4991096866096867,0.4358708150461046,289919463090.9576
Odisha,Ganjam,1087.0,10865.0,20756.0,27046.723504782207,0.25571477681296434,0.19718682910707916,1.4994086021505377,0.3704328067089314,241235839345.9424
Odisha,Nabarangapur,906.0,3283.0,11785.0,63524.13400462987,0.2545048575680853,0.19705817437395995,1.4965625,0.528780634192453,597530864203.093
Odisha,Nuapada,241.0,1820.0,4533.0,48012.67802246063,0.2839208204141773,0.21823397985237492,1.493820224719101,0.463568959273753,418369565226.6159
Orissa,Baleswar,1.0,0.0,2.0,666.6666666666666,0.0,0.0,0.95,0.28886037155394856,6666666666.666667
Orissa,Khorda,1.0,0.0,1.0,500.0,0.0,0.0,0.95,0.2165063509461097,5000000000.0
Punjab,Amritsar,589.0,11689.0,19235.0,64407.484601191834,0.24139179651019227,0.18706813409333203,1.4986519607843138,0.6697155701691091,618061465725.2291
Punjab,Bathinda,301.0,3015.0,8125.0,34898.122588708364,0.23071253781964648,0.18405415237089048,1.4975770925110132,0.6887313561522842,311757322181.77606
Punjab,Gurdaspur,1121.0,11160.0,17670.0,48804.181706608186,0.24694821226205033,0.18682270262669473,1.4985824742268044,0.5697423799204293,458693467341.6333
Punjab,Ludhiana,1694.0,8394.0,21114.0,25010.736974569212,0.21511973398499226,0.165954450497324,1.498761229943291,0.5012160066040979,225859872615.3187
Punjab,Patiala,1362.0,9400.0,14794.0,38909.720705237305,0.22802542754743862,0.17919689951178003,1.4976694915254236,0.668058343605808,324938775520.7083
Punjab,S.A.S Nagar,282.0,0.0,0.0,0.0,0.0,0.0,0.95,0.0,0.0
Rajasthan,Ajmer,1347.0,12666.0,17267.0,31744.1055965932,0.22827920454603437,0.1756537849569613,1.4991911764705883,0.6095088054060533,288447552452.1368
Rajasthan,Alwar,2475.0,11019.0,24928.0,39333.313695899786,0.28541437303137074,0.21869831711761473,1.4990107913669066,0.6652688396179913,354149305561.09863
Rajasthan,Banswara,916.0,15755.0,12616.0,92732.95468457232,0.2681705479652114,0.20444150525762858,1.4960069444444444,0.6060703580246145,881558441564.698
Rajasthan,Barmer,1860.0,12365.0,21676.0,70509.01615463839,0.2763924754141593,0.2119846134493905,1.4982919254658384,0.5121417499665315,659221556892.5773
Rajasthan,Bharatpur,2096.0,7672.0,13198.0,27493.79660685906,0.2961957630551142,0.22837417483161024,1.498625,0.5612081123658245,232621359229.3991
Rajasthan,Bhilwara,1053.0,13920.0,16917.0,61956.88427404114,0.27891173081890785,0.21332402470773607,1.498521505376344,0.5502912396681986,572803030310.2064
Rajasthan,Dausa,595.0,6019.0,14275.0,54694.79424230255,0.24672120122015279,0.18869183205380494,1.4963268937468226,0.43365828060963757,510897009972.17255
Rajasthan,Dholpur,995.0,14047.0,11263.0,125976.0443301595,0.28375473750571445,0.2179876456731564,1.4965625,0.5210493031737836,1216932515343.2644
Rajasthan,Ganganagar,620.0,7967.0,10245.0,42038.75319875904,0.2502190682641737,0.19065595864960158,1.497567287784679,0.5905859148198046,384790419167.21136
Rajasthan,Hanumangarh,490.0,10676.0,14057.0,88287.88432422448,0.25462987137954324,0.19787640039809046,1.4975770925110132,0.5151058036869126,837615062768.6595
Rajasthan,Jaipur,5426.0,47210.0,50882.0,62751.51986916793,0.2771508428766049,0.21263711704776866,1.4991204732510288,0.49255191003817445,583935091284.2375
Rajasthan,Jalor,1793.0,4131.0,11004.0,32618.038015585364,0.2671102074016818,0.20676197973088112,1.4974324873096445,0.6409543838648305,293745019924.9352
Rajasthan,Jhalawar,719.0,13860.0,8044.0,89186.18975795446,0.256036082494531,0.19800834458458802,1.4970430107526882,0.5328286905053663,843589743596.4563
Rajasthan,Jodhpur,2000.0,10341.0,18476.0,38574.76565356038,0.26706426447294535,0.20768325952131053,1.4988683127572018,0.6234078898359996,344437627817.92896
Rajasthan,Karauli,1764.0,4350.0,11097.0,26865.4175989655,0.24007143374087125,0.18651369524157554,1.4983582089552239,0.5946785706913524,234265129688.08813
Rajasthan,Khairthal-Tijara,0.0,89.0,0.0,4684.210526315789,0.20460241512521976,0.1426748689880888,,0.0,46842105263.1579
Rajasthan,Kota,976.0,8453.0,13881.0,49057.15335468333,0.2723929655958756,0.2092648175283272,1.4984149855907782,0.552615459248867,458065395100.3469
Rajasthan,Nagaur,1686.0,9487.0,19780.0,37421.33872684392,0.22589715621836867,0.17451044325346735,1.4989622641509435,0.5898082792992566,341630434787.4738
Rajasthan,Rajsamand,540.0,7129.0,7895.0,35863.51828735572,0.20093937325772335,0.15667155972159255,1.4983282674772036,0.5691147252335755,332347826091.1046
Rajasthan,Sikar,1094.0,9147.0,17826.0,33011.97296814434,0.22304983545422236,0.17557755623293736,1.498766404199475,0.5117491161742468,303750000004.17566
Rajasthan,Sirohi,1519.0,2334.0,7179.0,14778.601813029736,0.2457462953713672,0.1874296903762409,1.497659574468085,0.6478679406541406,115508474580.92091
Rajasthan,Tonk,1453.0,5424.0,13340.0,54204.232504291234,0.2817392591254071,0.2158370571339963,1.496783625730994,0.5507752369398368,496333333340.1981
Rajasthan,Udaipur,1838.0,9369.0,18948.0,37378.2465764765,0.2732377772980551,0.20741865946497132,1.4986967930029154,0.5794530032274974,331663366343.03973
Tamil Nadu,Chennai,1371.0,14786.0,33034.0,38750.42648763012,0.2664778773112452,0.2041648925905996,1.4994098712446353,0.49177320607000446,345212876434.7479
Tamil Nadu,Coimbatore,1124.0,14480.0,25946.0,27049.582437436857,0.2424118580780506,0.1873803694040155,1.4995416666666668,0.4105223040428907,245123900883.59348
Tamil Nadu,Dindigul,739.0,5594.0,22041.0,34408.64569537035,0.23528713659574552,0.18259339220079246,1.4987683438155137,0.42319746213176657,311089258704.49634
Tamil Nadu,Kancheepuram,1631.0,12906.0,24898.0,24728.13193875701,0.22071025042526524,0.1724171311191914,1.4995089285714287,0.4808215813519249,218819930074.50287
Tamil Nadu,Kanchipuram,0.0,0.0,2.0,1000.0,0.0,0.0,,1.4557040542223938,10000000000.0
Tamil Nadu,Madurai,1257.0,9276.0,22168.0,34733.14521510165,0.2635891383727089,0.20173728798446686,1.4986544461778473,0.48234071585630917,304077961026.1594
Tamil Nadu,Salem,1247.0,11295.0,28085.0,30905.504028859606,0.25500910040298314,0.19497571654540333,1.4994510978043913,0.39779944965526587,276711153484.98065
Tamil Nadu,Thoothukkudi,664.0,4866.0,17651.0,18916.599845042958,0.15331092928309673,0.1245725136283858,1.499134199134199,0.4060786758043391,173133732537.6166
Tamil Nadu,Tirupathur,0.0,7.0,6.0,4333.333333333333,0.11111111110925924,0.11111111110925924,,0.20942765616797096,43333333333.333336
Tamil Nadu,Tiruvallur,1410.0,12600.0,28226.0,32152.368373336958,0.2495369189855359,0.1921004609767062,1.4990521978021978,0.4771819938459714,281005235608.6355
Telangana,Hyderabad,3497.0,16814.0,24460.0,32071.95026294795,0.26481482003765766,0.20462627610503265,1.4989963991335415,0.6905803572684324,276338418869.1951
Telangana,Jogulamba Gadwal,246.0,2348.0,892.0,17636.59373959374,0.32203897166742285,0.2483901451063092,1.4903911564625851,0.5623336897431597,132300000006.92639
Telangana,K.v. Rangareddy,2312.0,21449.0,28468.0,33335.33845148668,0.2509872242057736,0.19544782017950818,1.49946962391514,0.4913178915336111,295032258070.3317
Telangana,Mahabubnagar,1262.0,11108.0,19488.0,27709.424320028513,0.2379864220186186,0.18465505232360152,1.4988984674329502,0.5139654195558753,238840937120.87543
Telangana,Medchal-malkajgiri,472.0,13671.0,5104.0,48899.51768488746,0.27669239782493465,0.2155190083870672,1.4981164383561643,0.5498241126178055,453054662384.88635
Telangana,Suryapet,268.0,5329.0,1780.0,21243.58407079646,0.31893076879842275,0.2460515976867053,1.4974770642201833,0.43393184003159524,169557522130.876
Telangana,Vikarabad,381.0,6407.0,1608.0,17528.982469409977,0.25562906885427583,0.19466917627487043,1.4970215462610899,0.509999102250655,129182156141.07672
Tripura,Sepahijala,591.0,1338.0,2498.0,22944.288724842514,0.2573053305383545,0.19834862787821803,1.4936781609195402,0.784290394748378,203033707869.18503
Uttar Pradesh,Agra,3851.0,20370.0,25502.0,64056.45511811417,0.31710727431092883,0.24411056545122212,1.4975088607393752,0.593931845646478,574271099753.4478
Uttar Pradesh,Aligarh,1789.0,17167.0,18115.0,48964.686819969975,0.27784129422066056,0.21412794322364131,1.4987584650112868,0.7381303456473876,442008639316.1246
Uttar Pradesh,Allahabad,1641.0,19765.0,30126.0,71041.49932582337,0.29025165466082387,0.22293926086958069,1.4988396624472575,0.5096750090073068,634959677430.6045
Uttar Pradesh,Ambedkar Nagar,1162.0,7020.0,10891.0,28394.227698715527,0.2776185299231757,0.21392435864773104,1.4985333333333335,0.5298910666727563,240749354011.54996
Uttar Pradesh,Amethi,918.0,7947.0,9399.0,26878.036738909177,0.2658664272878947,0.20153497758654126,1.498605002748763,0.5329731673196838,232337078657.3468
Uttar Pradesh,Amroha,1025.0,10073.0,9974.0,78975.25553305705,0.2909512071810927,0.22212900631834395,1.4933242917420133,0.6780728545895364,722987804887.1931
Uttar Pradesh,Azamgarh,2721.0,15010.0,16687.0,31889.14534096144,0.3035575303642386,0.23350750807290233,1.4990213523131672,0.5595566385248941,270553633224.82373
Uttar Pradesh,Bahraich,5390.0,17997.0,29841.0,105413.53224020088,0.28871451873733506,0.22015977394891095,1.4979087452471482,0.7377784320301899,1004477611946.8763
Uttar Pradesh,Ballia,1122.0,10270.0,12574.0,35602.66822831941,0.29134257730670077,0.22380895463531145,1.4986997635933808,0.5151146608964668,303029612764.5656
Uttar Pradesh,Balrampur,1773.0,7850.0,10007.0,57346.83907680311,0.29592293804862985,0.2290781216247815,1.496927374301676,0.5822557981816394,523225806458.1292
Uttar Pradesh,Banda,1012.0,7762.0,7574.0,43599.253481823966,0.31000215130220127,0.23931166934434492,1.4964285714285714,0.7114909699718127,361656050965.13184
Uttar Pradesh,Bara Banki,1281.0,12626.0,22596.0,59748.22629287036,0.27640014330317875,0.21345258963742944,1.4987528344671204,0.4762778400828294,549889624731.4293
Uttar Pradesh,Bareilly,2788.0,38904.0,32283.0,139585.6946635317,0.31009630736161,0.23956509869723253,1.4983483483483484,0.6582965151432084,1323596491237.529
Uttar Pradesh,Basti,1291.0,9477.0,11801.0,37628.424470553706,0.2905077620720344,0.22395051085318332,1.4984375,0.5391263904903412,334258241763.89435
Uttar Pradesh,Bijnor,1865.0,30085.0,26148.0,128986.93066829535,0.29716449600013084,0.23075390142167776,1.4982758620689656,0.578015426322434,1232762762770.482
Uttar Pradesh,Budaun,1338.0,19036.0,11322.0,75908.10515348852,0.29017833072474697,0.22189562783123531,1.4966172506738546,0.7147398931476737,705527272734.6055
Uttar Pradesh,Bulandshahr,1817.0,13739.0,18015.0,41034.09823498684,0.2561035421790387,0.1987379560686763,1.497893586005831,0.6606277401217107,371960784319.1285
Uttar Pradesh,Chandauli,1393.0,8898.0,12149.0,52263.072660444624,0.302206180569667,0.23007345507090188,1.4975336322869954,0.6367563423283867,464096916307.78485
Uttar Pradesh,Chitrakoot,949.0,3929.0,7176.0,63286.065589512466,0.28489920477334835,0.2189547647042176,1.4931634304207118,0.629656373843554,582897196268.4948
Uttar Pradesh,Etah,2252.0,5307.0,13596.0,46603.55158763126,0.27542570669934163,0.2125559053685813,1.4969101123595505,0.8464237736235004,413701657466.4442
Uttar Pradesh,Fatehpur,903.0,13921.0,11405.0,62544.01275682939,0.3039606065709299,0.23317095198137167,1.4954228499910602,0.6456085948320099,575051194546.4202
Uttar Pradesh,Firozabad,1115.0,11437.0,11301.0,55644.348048234024,0.26597717003803784,0.20551954704475628,1.4978346456692913,0.7130353107364691,518383458652.22784
Uttar Pradesh,Gautam Buddha Nagar,4112.0,24014.0,17817.0,55682.618354190745,0.26851354517214204,0.20960728421163946,1.497169410578049,0.8700338136169692,525000000004.2257
Uttar Pradesh,Ghaziabad,2274.0,15474.0,17629.0,46589.16332563111,0.2732709837703378,0.21012095410602294,1.4986810551558754,0.8192708807494434,418349282303.5162
Uttar Pradesh,Ghazipur,1446.0,11297.0,16940.0,36711.94473763394,0.2936214514772107,0.22385629921318764,1.498148148148148,0.5453878087798685,318205128212.57513
Uttar Pradesh,Gonda,2700.0,13284.0,16759.0,43780.648829660226,0.2962678724471778,0.2280993730702689,1.498578811369509,0.5330633870526635,383518987349.3176
Uttar Pradesh,Gorakhpur,3475.0,12617.0,26794.0,47342.24459460582,0.27399855397128325,0.21063510508008015,1.498830003899987,0.6014022617290465,421501976292.18835
Uttar Pradesh,Hapur,2427.0,3148.0,8625.0,24668.09454382021,0.21421509985690435,0.16584362315277898,1.4954545454545454,1.119831007975591,215409836069.39453
Uttar Pradesh,Hardoi,1500.0,15450.0,21841.0,91806.91976919957,0.3165415254579918,0.24390901443930427,1.4978727798430402,0.5604757017752746,844693140804.5465
Uttar Pradesh,Hathras,1114.0,4813.0,11492.0,51567.59936670985,0.2307682108796348,0.17785402339585296,1.4973039215686275,0.7441435331089326,472115384622.2219
Uttar Pradesh,Jaunpur,1624.0,18551.0,17671.0,41725.029879680485,0.298640793444673,0.22950090413844926,1.4990090090090091,0.6218825168185499,365338078299.3665
Uttar Pradesh,Kanpur Nagar,2989.0,17981.0,19182.0,41575.117570181625,0.2726459573604122,0.20798003598384476,1.4987767787579784,0.7125961346369113,372429078020.4862
Uttar Pradesh,Kaushambi,934.0,8474.0,8666.0,56081.92047721132,0.3109923053351898,0.24196507839695158,1.4970430107526882,0.6002380882750272,509947643985.65765
Uttar Pradesh,Kheri,2429.0,16749.0,18604.0,64226.87362640096,0.2945552149517392,0.22683503213866407,1.498220064724919,0.6968786620884352,577269841278.7015
Uttar Pradesh,Kushinagar,1542.0,10588.0,16480.0,57058.55787721323,0.29258432156853875,0.22569860382753568,1.496663088208982,0.5541083762517609,505617529888.8636
Uttar Pradesh,Lalitpur,619.0,5433.0,8884.0,77578.67822682684,0.2991191507758146,0.22972339542471668,1.4952173913043478,0.6599014119142534,708292682936.5902
Uttar Pradesh,Lucknow,3877.0,28550.0,28766.0,52543.51173638598,0.2767453186189749,0.21333383978968065,1.4990909090909093,0.5818066096466045,483420195445.8113
Uttar Pradesh,Maharajganj,1965.0,11093.0,11606.0,70207.91762324916,0.3069909433758926,0.2362649709060126,1.496978021978022,0.6187913510484262,641851851860.4178
Uttar Pradesh,Mainpuri,2238.0,9685.0,9840.0,51738.7163416985,0.2781170864185968,0.21712555810613193,1.497598253275109,0.6499349526901516,480126582283.75665
Uttar Pradesh,Meerut,6144.0,17498.0,31558.0,53659.78212220047,0.2853610455651118,0.2224913719314571,1.4981099656357388,0.8149426136011767,480644067804.3862
Uttar Pradesh,Mirzapur,1082.0,7707.0,8134.0,35424.58473581459,0.27858184866038155,0.21085049604503325,1.4952731092436975,0.772562729153227,297488151666.5791
Uttar Pradesh,Moradabad,3817.0,13530.0,28536.0,74339.19596215684,0.29006046580905764,0.22513129112407676,1.4976394849785408,1.0672014707950976,682815126059.0771
Uttar Pradesh,Muzaffarnagar,2236.0,15900.0,21484.0,64401.96073079256,0.2941112175505488,0.226684672988972,1.4979553903345724,0.7436341846170585,581174377232.9941
Uttar Pradesh,Pilibhit,2710.0,6026.0,13799.0,40031.05679390468,0.3210803685554995,0.24289459115286072,1.4954166666666666,0.8850904705278998,319338842986.3258
Uttar Pradesh,Pratapgarh,1548.0,10164.0,12362.0,24840.763874624026,0.2817947805062514,0.2149634123837593,1.498921568627451,0.5248600102135627,204827586213.14297
Uttar Pradesh,Rae Bareli,1521.0,13027.0,16073.0,34036.66374856727,0.2781042541379562,0.21492497501888605,1.4985379361799818,0.580435874479228,300627240149.333
Uttar Pradesh,Rampur,2532.0,6287.0,10658.0,49095.64689302956,0.2573202046197807,0.20149081887926779,1.4950892857142857,0.9441890234549486,436810344833.8563
Uttar Pradesh,Saharanpur,1664.0,14725.0,16664.0,62352.41931294315,0.3011495163971869,0.2329756967785148,1.49806338028169,0.8707845441878774,562416107391.0807
Uttar Pradesh,Sambhal,1099.0,9400.0,9808.0,45397.49801539908,0.2636089473264278,0.2056072846560631,1.4969747899159662,0.7488993177477208,399917695480.5395
Uttar Pradesh,Shahjahanpur,4644.0,13355.0,24022.0,76357.29585774218,0.3135123662864257,0.24282674913666658,1.4975663716814158,0.7308688190817917,692951541859.3807
Uttar Pradesh,Shamli,1051.0,8742.0,17744.0,152488.64382405972,0.3070982622130154,0.23443669921453442,1.4942261904761904,0.679184317896276,1461889763787.4683
Uttar Pradesh,Shrawasti,492.0,5069.0,5595.0,42001.32646872602,0.23217575847871816,0.1776229676401263,1.4966666666666666,0.6828150392568471,374823529418.3959
Uttar Pradesh,Siddharthnagar,2087.0,12652.0,12454.0,52713.74255646164,0.30049693629939117,0.22941747963877446,1.497985347985348,0.6385832673388597,478981818188.2603
Uttar Pradesh,Sitapur,2823.0,18151.0,24583.0,81800.71216929745,0.32179089073012773,0.24920742579178579,1.4982649842271294,0.5568076096994959,742461538471.9227
Uttar Pradesh,Sonbhadra,735.0,10072.0,17610.0,81520.34435142828,0.25809623938467946,0.19857436622885397,1.4977911646586346,0.6772965331668429,761673003810.5669
Uttar Pradesh,Sultanpur,1077.0,8479.0,8026.0,22828.819383316633,0.3070643321037166,0.23639235878816595,1.498607594936709,0.5532947441046259,181194029857.6884
Uttar Pradesh,Unnao,2107.0,13758.0,15533.0,47015.87602541661,0.23370515131139477,0.18597657557518862,1.4985135135135137,0.740777474998896,429869109953.19006
Uttar Pradesh,Varanasi,1625.0,15166.0,20622.0,54352.36298928885,0.26559788157285935,0.20519113143834652,1.4987695749440717,0.6081348011128911,495076923083.92883
Uttarakhand,Dehradun,838.0,4828.0,9708.0,19191.517376328786,0.21767397593976429,0.16875306551104458,1.498121502797762,0.7362203617496228,156503496508.9854
Uttarakhand,Nainital,369.0,3738.0,6784.0,32583.918509350384,0.19194662924045053,0.1499145338500317,1.4954862579281183,0.800554513746126,299375000003.809
Uttarakhand,Udham Singh Nagar,865.0,16093.0,22407.0,140010.44679033072,0.26416183503191276,0.20435973149800007,1.4961463730569948,0.667220123113235,1313960396052.3477
West Bengal,24 Paraganas North,1029.0,0.0,0.0,0.0,0.0,0.0,1.3590683229813663,0.5375379079130594,0.0
West Bengal,Bankura,1459.0,18169.0,13496.0,26334.22276621369,0.24816623811801264,0.1921900149013805,1.4992930591259641,0.5362008684875504,228617283955.93942
West Bengal,Barddhaman,2024.0,17394.0,18715.0,14470.794322980268,0.2167835637216172,0.16983014429501378,1.4996774193548386,0.4730420329763825,122441926349.1894
West Bengal,Birbhum,2302.0,17688.0,17204.0,42658.61016822103,0.29146238287719733,0.22582282987381402,1.4989402697495184,0.6095024357512461,382802197808.64954
West Bengal,Cooch Behar,920.0,10812.0,3845.0,17024.782824013593,0.2674123532248333,0.20628246257151137,1.498744292237443,0.5507863006320668,129274725280.79121
West Bengal,Coochbehar,1154.0,0.0,0.0,0.0,0.0,0.0,1.3166666666666667,0.8192965923408592,0.0
West Bengal,Hooghly,1916.0,20051.0,19503.0,25367.267481604984,0.27865523484115334,0.2165748149849048,1.4992733457019172,0.49783733078562364,219515418507.7017
West Bengal,Howrah,1326.0,10526.0,9439.0,21759.808514594082,0.24972807173085693,0.19500406571092962,1.4990863787375417,0.6092076753494938,194146730466.1747
West Bengal,Jalpaiguri,1920.0,18797.0,9346.0,19444.86775111418,0.28511727894179983,0.21918623656243735,1.4993544600938968,0.5674314796117561,145210280381.91678
West Bengal,Koch Bihar,402.0,7341.0,1347.0,13346.096204979454,0.2597110801502819,0.2041987156377488,1.498578811369509,0.46817872540300476,90685279194.9458
West Bengal,Kolkata,1083.0,11842.0,10842.0,17573.99815713158,0.2225391978863849,0.17410313796278187,1.4991797556719022,0.46289439391112824,155792682930.03326
West Bengal,Malda,1792.0,18448.0,10558.0,37266.166959973685,0.2847833191571029,0.22047557564359574,1.4983866594360087,0.6301505009869686,328705636749.4366
West Bengal,Murshidabad,4664.0,42813.0,32816.0,45262.563983919266,0.26641426179639505,0.20728366981797186,1.4995040577096483,0.6312221740839267,418331907618.2411
West Bengal,Nadia,2319.0,23214.0,15313.0,25699.516657005137,0.2815572758577332,0.21798692849749096,1.499407327586207,0.5520137167457762,216988335106.91266
West Bengal,North 24 Parganas,3735.0,29351.0,25220.0,20775.815904255804,0.28129114362586627,0.21718750149826888,1.499379871365886,0.5022787609891552,176668542492.2709
West Bengal,Paschim Medinipur,2129.0,23178.0,17836.0,25724.51045522667,0.2538521996593338,0.1956097819623143,1.4993523316062176,0.5715884039215795,212475149112.37704
West Bengal,Purba Medinipur,1853.0,9700.0,15413.0,16726.619243575766,0.2211786205737248,0.1707130734402813,1.4994136960600375,0.4988232338711353,146558558561.87863
West Bengal,Puruliya,1935.0,15221.0,10136.0,28311.125137489562,0.280138270431295,0.22042983478962275,1.497875264270613,0.555902783131191,243149284259.03918
West Bengal,South 24 Parganas,4489.0,37871.0,27898.0,38491.322518173365,0.2666217196906931,0.20554484498517567,1.499397299903568,0.6368114531981657,349219467406.3242
West Bengal,Uttar Dinajpur,4959.0,28217.0,12283.0,60229.05808224867,0.2973255486684754,0.2287558914775886,1.497401725005559,0.7810066560368398,555047021949.7478
